{"W_Complete application": {"User_144": -1.186342859852742, "User_143": -1.0962945985649546, "User_64": -1.0173775490003527, "User_103": -1.0108558103525138, "User_138": -0.933573179509868, "User_16": -0.7168162921195177, "User_2": -0.6993127133707547, "User_18": -0.637083492945036, "User_3": -0.6316294869666086, "User_49": -0.6040836756671892, "User_54": -0.6001654273220258, "User_85": -0.5885047053601677, "User_26": -0.5738165564136908, "User_132": -0.5639547999301866, "User_5": -0.5364402401005546, "User_73": -0.5075035521947665, "User_17": -0.5023624734808028, "User_24": -0.4992439058071614, "User_23": -0.49674368610647013, "User_45": -0.4765364892482765, "User_74": -0.450464453523063, "User_27": -0.44626320942718667, "User_61": -0.4340414920489252, "User_11": -0.4320909415197151, "User_15": -0.4311367294165714, "User_82": -0.4270550787359441, "User_12": -0.41677695131423864, "User_22": -0.4135519966676929, "User_10": -0.413019323632366, "User_14": -0.4126387669389032, "User_13": -0.4051493155414414, "User_91": -0.3965966010544061, "User_94": -0.392780352421612, "User_40": -0.38122800356459957, "User_42": -0.37531910832366777, "User_4": -0.37498843811369265, "User_9": -0.37148874486527594, "User_84": -0.3696611799180326, "User_77": -0.36402125121110296, "User_69": -0.3524524245183844, "User_31": -0.35230520740426124, "User_59": -0.33636686877913985, "User_28": -0.3335656794907007, "User_63": -0.32456623690850633, "User_38": -0.31517452923451167, "User_98": -0.2981335204167288, "User_35": -0.2959280002649965, "User_57": -0.2952539955515968, "User_55": -0.2944579228768963, "User_37": -0.2938502223252339, "User_36": -0.2712113880364478, "User_41": -0.26057641504056256, "User_79": -0.2579893202554534, "User_20": -0.25291710103895537, "User_39": -0.24636412829205537, "User_32": -0.2437150117225029, "User_67": -0.23895098407839865, "User_105": -0.23643718245774034, "User_19": -0.22980049770067992, "User_80": -0.22038941986138885, "User_8": -0.21106638886235357, "User_34": -0.20681327680272646, "User_104": -0.20228448236425933, "User_92": -0.19538720156926373, "User_71": -0.19486923911972726, "User_43": -0.16161555065569377, "User_76": -0.15665413517017981, "User_108": -0.15152169851846467, "User_48": -0.15129569821041022, "User_56": -0.1439487167612794, "User_65": -0.12563688927519134, "User_70": -0.12287971338239301, "User_88": -0.10097844545706386, "User_25": -0.09952627514518522, "User_44": -0.07925106722706879, "User_60": -0.07057056941539272, "User_21": -0.06752217416852713, "User_78": -0.06395754638420852, "User_72": -0.04965209218249528, "User_135": -0.028448456892653216, "User_58": -0.009078798461926555, "User_110": -0.008659376674645851, "User_66": -0.006603382547588689, "User_96": -0.003079784765567519, "User_46": 0.012483944502318094, "User_33": 0.01281901837524764, "User_97": 0.024738870952143603, "User_51": 0.04012444859261359, "User_89": 0.05623472844358833, "User_52": 0.07087906344664532, "User_81": 0.09683233981820764, "User_53": 0.13134962256337177, "User_62": 0.14506265280529274, "User_101": 0.2140940137095964, "User_7": 0.21510972956458813, "User_47": 0.23414979860488933, "User_100": 0.2547266595128186, "User_86": 0.2583963298779208, "User_109": 0.2835991226140892, "User_87": 0.3072552031659061, "User_6": 0.4393178226132413, "User_30": 0.4896025019149425, "User_95": 0.9323890387460034, "User_68": 0.9818846400960913, "User_50": 1.0714155580221463, "User_90": 1.0790150056209706, "User_83": 1.1267338695588138, "User_29": 1.4088381052586687, "User_99": 1.4691374496296041, "User_93": 1.7806467499657204, "User_75": 2.0045204421291096, "User_106": 3.4949707645403127, "User_102": 4.759952878957307, "User_141": 6.752340075219309}, "W_Call after offers": {"User_138": -1.1998825778123907, "User_100": -1.180853118731806, "User_29": -1.1728599465789253, "User_106": -1.1418913412596714, "User_95": -1.1388692481420892, "User_75": -1.1347291401366861, "User_30": -1.0958344330725263, "User_99": -1.0674790490156643, "User_102": -1.0328686368337134, "User_143": -1.007423980654718, "User_132": -0.963350341590928, "User_31": -0.9424924084168951, "User_120": -0.934071895839196, "User_16": -0.9093465464689234, "User_3": -0.9092930458723272, "User_19": -0.82615723722457, "User_63": -0.8141560035906305, "User_85": -0.7887771519735014, "User_2": -0.7868984865749223, "User_18": -0.748702404832222, "User_61": -0.7424437827312952, "User_40": -0.7398842152893327, "User_92": -0.7349509077441738, "User_87": -0.7247486377933431, "User_9": -0.714431128125758, "User_93": -0.7012376965683143, "User_5": -0.6893336466725801, "User_24": -0.6883259198278191, "User_46": -0.686854664533316, "User_15": -0.6694785706357179, "User_32": -0.6685235991898048, "User_43": -0.6679742141438076, "User_45": -0.6419991024537844, "User_83": -0.617140889034986, "User_8": -0.5915625743856261, "User_64": -0.5808718904540386, "User_103": -0.5802583336284708, "User_26": -0.5706505975287365, "User_49": -0.570331479358708, "User_37": -0.5649825554822031, "User_28": -0.5301348856529686, "User_51": -0.5113596787357096, "User_59": -0.4958372806919219, "User_34": -0.4708002748184874, "User_23": -0.4620590225664788, "User_65": -0.4458479906321188, "User_11": -0.42768602521682386, "User_104": -0.41325694675075364, "User_54": -0.40925048739824016, "User_10": -0.3383531462474787, "User_17": -0.33187532066790726, "User_56": -0.30178570743701005, "User_41": -0.255185491025079, "User_73": -0.2544532556369036, "User_42": -0.25123262588892, "User_112": -0.2324573913980134, "User_71": -0.22639382660680438, "User_4": -0.22155265469903485, "User_48": -0.21142637407328335, "User_135": -0.17758250778104376, "User_94": -0.17222215592050402, "User_39": -0.16381459471519152, "User_91": -0.1273524142602755, "User_21": -0.12684702307930446, "User_14": -0.11644371861199236, "User_52": -0.11251055381041665, "User_78": -0.0727818927848106, "User_58": -0.06911276335760332, "User_80": -0.06446100685997976, "User_79": -0.05740838494776558, "User_62": -0.032451782605556666, "User_69": -0.00698924090804325, "User_55": 0.003917265483700184, "User_88": 0.014539073041106057, "User_13": 0.02584613053992332, "User_74": 0.1006532231267646, "User_105": 0.10824817403399198, "User_47": 0.11307437053940562, "User_60": 0.1373452395439754, "User_33": 0.15714685036414272, "User_67": 0.16400687853711451, "User_77": 0.16566862225586138, "User_84": 0.17638355479339443, "User_68": 0.20618460914760178, "User_108": 0.24928955823259027, "User_27": 0.24941426641307396, "User_20": 0.27216515946955666, "User_97": 0.2852865207762455, "User_44": 0.30221298837403304, "User_22": 0.3078029938269183, "User_66": 0.32276494740102396, "User_96": 0.5042727121425955, "User_90": 0.5479562557720652, "User_12": 0.5551785373711622, "User_72": 0.5825308673651828, "User_98": 0.5934055658421694, "User_57": 0.6876175752752974, "User_81": 0.6968632899567174, "User_36": 0.7080389082194132, "User_70": 0.7365547524146342, "User_35": 0.7892668650514256, "User_76": 0.8063150556578892, "User_38": 0.8432930412382186, "User_7": 0.8737987728176894, "User_107": 0.9486842248507013, "User_53": 1.0105378556172746, "User_114": 1.292359006619699, "User_6": 1.3781831089878451, "User_89": 1.6851837356809682, "User_110": 1.7909363264151585, "User_86": 1.8531752077379209, "User_25": 2.0907064722179585, "User_109": 2.4670571120717617, "User_82": 2.7031761298115375, "User_141": 2.999060916927999, "User_50": 3.880956986753871, "User_144": 4.645788117272966}, "W_Validate application": {"User_76": -0.7368187690834137, "User_63": -0.7277892885303289, "User_55": -0.7266397725351768, "User_73": -0.7144364961456179, "User_92": -0.6978855320272145, "User_138": -0.6838405634325344, "User_48": -0.6685292155395143, "User_16": -0.6674954839481435, "User_42": -0.657332359998813, "User_34": -0.6559375979517036, "User_140": -0.6468758250874326, "User_79": -0.6450776153020863, "User_22": -0.6399443040777631, "User_60": -0.638813298225378, "User_11": -0.6326084256908078, "User_37": -0.6206444056570556,