{"W_Complete application": {"User_144": 0.003338888888888889, "User_143": 0.012929055555555555, "User_64": 0.021333744855967077, "User_103": 0.022028311965811967, "User_138": 0.030258935185185184, "User_16": 0.0533436082981716, "User_2": 0.055207744651979564, "User_18": 0.06183517517517522, "User_3": 0.062416028437482576, "User_49": 0.06534966555109344, "User_54": 0.06576696016771481, "User_85": 0.06700883053221285, "User_26": 0.0685731227729187, "User_132": 0.06962340277777775, "User_5": 0.07255371160054154, "User_73": 0.07563547748729123, "User_17": 0.07618300390266303, "User_24": 0.07651513228941685, "User_23": 0.07678140643274853, "User_45": 0.07893347892104323, "User_74": 0.08171015849673201, "User_27": 0.08215759224515318, "User_61": 0.0834592087887068, "User_11": 0.08366694300144298, "User_15": 0.08376856687483741, "User_82": 0.0842032638888889, "User_12": 0.08529788752276866, "User_22": 0.08564134615384619, "User_10": 0.08569807599087545, "User_14": 0.08573860539215683, "User_13": 0.08653623419827015, "User_91": 0.08744710084033609, "User_94": 0.0878535324571884, "User_40": 0.08908386105371902, "User_42": 0.08971316015806602, "User_4": 0.08974837663398695, "User_9": 0.0901210950080515, "User_84": 0.0903157312196515, "User_77": 0.09091638530795991, "User_69": 0.09214846879890456, "User_31": 0.09216414746543777, "User_59": 0.09386158527954708, "User_28": 0.09415991277368001, "User_63": 0.09511835609103084, "User_38": 0.09611857575757576, "User_98": 0.09793344827586212, "User_35": 0.0981683368293924, "User_57": 0.0982401185322613, "User_55": 0.09832490050939197, "User_37": 0.09838962079927344, "User_36": 0.10080066339869287, "User_41": 0.10193329119258311, "User_79": 0.10220881755829903, "User_20": 0.10274901041666666, "User_39": 0.1034469039673711, "User_32": 0.10372903567161626, "User_67": 0.1042364060356653, "User_105": 0.10450412665752165, "User_19": 0.10521093556225913, "User_80": 0.10621321815718154, "User_8": 0.10720612373737373, "User_34": 0.10765908143939397, "User_104": 0.10814139939692974, "User_92": 0.1088759618573798, "User_71": 0.10893112501263778, "User_43": 0.11247265274555297, "User_76": 0.11300104497354498, "User_108": 0.11354765100671146, "User_48": 0.11357172010688024, "User_56": 0.11435417582103215, "User_65": 0.11630439090626944, "User_70": 0.11659803096064812, "User_88": 0.11893052252252255, "User_25": 0.1190851790935672, "User_44": 0.12124449478001485, "User_60": 0.12216897038424175, "User_21": 0.12249362538662857, "User_78": 0.12287325930812087, "User_72": 0.12439679444444453, "User_135": 0.12665498792270527, "User_58": 0.12871786231884053, "User_110": 0.12876253086419753, "User_66": 0.12898149485153262, "User_96": 0.12935675906555097, "User_46": 0.1310143008714597, "User_33": 0.13104998633879783, "User_97": 0.1323194541910331, "User_51": 0.13395802279552274, "User_89": 0.13567377240143372, "User_52": 0.13723339844410629, "User_81": 0.13999743011323415, "User_53": 0.1436735310137129, "User_62": 0.14513397282174256, "User_101": 0.15248583333333332, "User_7": 0.1525940073746312, "User_47": 0.1546217804024497, "User_100": 0.15681322222222221, "User_86": 0.15720404320987666, "User_109": 0.15988814814814814, "User_87": 0.16240752777777775, "User_6": 0.1764722361111111, "User_30": 0.18182756944444445, "User_95": 0.22898446759259258, "User_68": 0.23425576388888888, "User_50": 0.24379083333333323, "User_90": 0.2446001767676768, "User_83": 0.24968225, "User_29": 0.2797264351851852, "User_99": 0.28614833333333334, "User_93": 0.31932416666666663, "User_75": 0.3431667816091954, "User_106": 0.5019001851851852, "User_102": 0.6366211574074073, "User_141": 0.8488109876543211}, "W_Call after offers": {"User_138": 0.0013711904761904762, "User_100": 0.0023089444444444446, "User_29": 0.002702840501792115, "User_106": 0.004228944444444445, "User_95": 0.004377870370370371, "User_75": 0.004581891025641025, "User_30": 0.006498585858585859, "User_99": 0.007895912698412699, "User_102": 0.00960148148148148, "User_143": 0.01085537037037037, "User_132": 0.01302727813466572, "User_31": 0.014055137598284514, "User_120": 0.014470092592592592, "User_16": 0.015688534713845285, "User_3": 0.015691171173271155, "User_19": 0.019788026167062274, "User_63": 0.020379435750304303, "User_85": 0.02163008185185183, "User_2": 0.02172266072785028, "User_18": 0.023604927957532877, "User_61": 0.023913347008547005, "User_40": 0.024039480101219243, "User_92": 0.02428258888888889, "User_87": 0.024785347222222226, "User_9": 0.025293784461152893, "User_93": 0.025943944444444443, "User_5": 0.02653056490384612, "User_24": 0.026580224741447854, "User_46": 0.026652726828075343, "User_15": 0.027509004504504476, "User_32": 0.02755606460532931, "User_43": 0.02758313778722068, "User_45": 0.028863167028199563, "User_83": 0.030088156565656568, "User_8": 0.031348632019115905, "User_64": 0.03187545893719807, "User_103": 0.031905694444444445, "User_26": 0.03237915470494419, "User_49": 0.032394880550277935, "User_37": 0.03265847052253303, "User_28": 0.03437573114083984, "User_51": 0.035300955799979654, "User_59": 0.036065885076252725, "User_34": 0.03729968533886586, "User_23": 0.03773044608472402, "User_65": 0.03852931059587811, "User_11": 0.039424315286624205, "User_104": 0.040135366795366806, "User_54": 0.04033280136986299, "User_10": 0.043826556117238576, "User_17": 0.04414577731092442, "User_56": 0.045628565344520707, "User_41": 0.0479249804804805, "User_73": 0.047961064356435656, "User_42": 0.048119773982056586, "User_112": 0.049045, "User_71": 0.04934380680899242, "User_4": 0.04958237523851454, "User_48": 0.050081388888888884, "User_135": 0.05174918300653594, "User_94": 0.05201333613916951, "User_39": 0.05242765290194413, "User_91": 0.05422447509578546, "User_21": 0.0542493803011026, "User_14": 0.05476204542762371, "User_52": 0.054955868115113424, "User_78": 0.056913659420289836, "User_58": 0.057094470691163614, "User_80": 0.05732370490620488, "User_79": 0.057671251526251556, "User_62": 0.058901089577950067, "User_69": 0.06015585984848483, "User_55": 0.06069332229580577, "User_88": 0.061216755050505035, "User_13": 0.06177395628223158, "User_74": 0.06546037992831545, "User_105": 0.06583465201465201, "User_47": 0.06607248247033441, "User_60": 0.06726852822369107, "User_33": 0.06824433310841206, "User_67": 0.06858238888888886, "User_77": 0.06866427806712966, "User_84": 0.06919229993386243, "User_68": 0.07066086805555555, "User_108": 0.07278503968253967, "User_27": 0.07279118518518518, "User_20": 0.07391232794361523, "User_97": 0.07455893637226971, "User_44": 0.07539305688463584, "User_22": 0.07566852713178294, "User_66": 0.07640583822809595, "User_96": 0.08535037132987908, "User_90": 0.08750305555555556, "User_12": 0.08785896284649432, "User_72": 0.08920686011904763, "User_98": 0.08974275510204083, "User_57": 0.09438543492436093, "User_81": 0.09484105510752691, "User_36": 0.09539177913647354, "User_70": 0.09679701330203443, "User_35": 0.09939461697489105, "User_76": 0.10023473588342442, "User_38": 0.10205697647203744, "User_7": 0.10356027042915923, "User_107": 0.10725055555555557, "User_53": 0.11029864470284247, "User_114": 0.12418652777777775, "User_6": 0.12841585937499997, "User_89": 0.14354456349206346, "User_110": 0.14875595238095238, "User_86": 0.15182302631578937, "User_25": 0.16352834515366435, "User_109": 0.18207455314009663, "User_82": 0.1937102777777778, "User_141": 0.20829120370370371, "User_50": 0.2517502182539683, "User_144": 0.28944038194444444}, "W_Validate application": {"User_76": 0.001977916666666667, "User_63": 0.0029065555555555555, "User_55": 0.003024777777777778, "User_73": 0.004279826388888889, "User_92": 0.005982013888888888, "User_138": 0.007426471734892792, "User_48": 0.009001170634920634, "User_16": 0.009107484984984985, "User_42": 0.010152713675213679, "User_34": 0.010296158280922438, "User_140": 0.011228118279569892, "User_79": 0.011413055555555556, "User_22": 0.011940992063492065, "User_60": 0.012057310606060604, "User_11": 0.012695452069716779,